day;month;year;day;kw;desc;kanton
01;Januar;2017;So;KW 52;Neujahrstag;Kanton Aargau
02;Januar;2017;Mo;KW 01;Berchtoldstag;Kanton Aargau
14;April;2017;Fr;KW 15;Karfreitag;Kanton Aargau
17;April;2017;Mo;KW 16;Ostermontag;Kanton Aargau
25;Mai;2017;Do;KW 21;Auffahrt;Kanton Aargau
29;Mai;2017;Mo;KW 22;St. Burkard;Kanton Aargau
05;Juni;2017;Mo;KW 23;Pfingstmontag;Kanton Aargau
15;Juni;2017;Do;KW 24;Fronleichnam;Kanton Aargau
02;Juli;2017;So;KW 26;Germanstag;Kanton Aargau
01;August;2017;Di;KW 31;Nationalfeiertag Schweiz;Kanton Aargau
15;August;2017;Di;KW 33;Mariä Himmelfahrt;Kanton Aargau
01;September;2017;Fr;KW 35;Verenentag;Kanton Aargau
01;November;2017;Mi;KW 44;Allerheiligen;Kanton Aargau
08;Dezember;2017;Fr;KW 49;Mariä Empfängnis;Kanton Aargau
25;Dezember;2017;Mo;KW 52;Weihnachten;Kanton Aargau
26;Dezember;2017;Di;KW 52;Stephanstag;Kanton Aargau
01;Januar;2018;Mo;KW 01;Neujahrstag;Kanton Aargau
02;Januar;2018;Di;KW 01;Berchtoldstag;Kanton Aargau
30;März;2018;Fr;KW 13;Karfreitag;Kanton Aargau
02;April;2018;Mo;KW 14;Ostermontag;Kanton Aargau
10;Mai;2018;Do;KW 19;Auffahrt;Kanton Aargau
14;Mai;2018;Mo;KW 20;St. Burkard;Kanton Aargau
21;Mai;2018;Mo;KW 21;Pfingstmontag;Kanton Aargau
31;Mai;2018;Do;KW 22;Fronleichnam;Kanton Aargau
02;Juli;2018;Mo;KW 27;Germanstag;Kanton Aargau
01;August;2018;Mi;KW 31;Nationalfeiertag Schweiz;Kanton Aargau
15;August;2018;Mi;KW 33;Mariä Himmelfahrt;Kanton Aargau
01;September;2018;Sa;KW 35;Verenentag;Kanton Aargau
01;November;2018;Do;KW 44;Allerheiligen;Kanton Aargau
08;Dezember;2018;Sa;KW 49;Mariä Empfängnis;Kanton Aargau
25;Dezember;2018;Di;KW 52;Weihnachten;Kanton Aargau
26;Dezember;2018;Mi;KW 52;Stephanstag;Kanton Aargau
01;Januar;2017;So;KW 52;Neujahrstag;Kanton Genf
14;April;2017;Fr;KW 15;Karfreitag;Kanton Genf
17;April;2017;Mo;KW 16;Ostermontag;Kanton Genf
25;Mai;2017;Do;KW 21;Auffahrt;Kanton Genf
05;Juni;2017;Mo;KW 23;Pfingstmontag;Kanton Genf
01;August;2017;Di;KW 31;Nationalfeiertag Schweiz;Kanton Genf
07;September;2017;Do;KW 36;Genfer Bettag;Kanton Genf
25;Dezember;2017;Mo;KW 52;Weihnachten;Kanton Genf
31;Dezember;2017;So;KW 52;Wiederherstellung der Republik Genf;Kanton Genf
01;Januar;2018;Mo;KW 01;Neujahrstag;Kanton Genf
30;März;2018;Fr;KW 13;Karfreitag;Kanton Genf
02;April;2018;Mo;KW 14;Ostermontag;Kanton Genf
10;Mai;2018;Do;KW 19;Auffahrt;Kanton Genf
21;Mai;2018;Mo;KW 21;Pfingstmontag;Kanton Genf
01;August;2018;Mi;KW 31;Nationalfeiertag Schweiz;Kanton Genf
06;September;2018;Do;KW 36;Genfer Bettag;Kanton Genf
25;Dezember;2018;Di;KW 52;Weihnachten;Kanton Genf
31;Dezember;2018;Mo;KW 01;Wiederherstellung der Republik Genf;Kanton Genf
01;Januar;2017;So;KW 52;Neujahrstag;Kanton Glarus
06;April;2017;Do;KW 14;Näfelser Fahrt;Kanton Glarus
14;April;2017;Fr;KW 15;Karfreitag;Kanton Glarus
17;April;2017;Mo;KW 16;Ostermontag;Kanton Glarus
25;Mai;2017;Do;KW 21;Auffahrt;Kanton Glarus
05;Juni;2017;Mo;KW 23;Pfingstmontag;Kanton Glarus
01;August;2017;Di;KW 31;Nationalfeiertag Schweiz;Kanton Glarus
01;November;2017;Mi;KW 44;Allerheiligen;Kanton Glarus
25;Dezember;2017;Mo;KW 52;Weihnachten;Kanton Glarus
26;Dezember;2017;Di;KW 52;Stephanstag;Kanton Glarus
01;Januar;2018;Mo;KW 01;Neujahrstag;Kanton Glarus
30;März;2018;Fr;KW 13;Karfreitag;Kanton Glarus
02;April;2018;Mo;KW 14;Ostermontag;Kanton Glarus
05;April;2018;Do;KW 14;Näfelser Fahrt;Kanton Glarus
10;Mai;2018;Do;KW 19;Auffahrt;Kanton Glarus
21;Mai;2018;Mo;KW 21;Pfingstmontag;Kanton Glarus
01;August;2018;Mi;KW 31;Nationalfeiertag Schweiz;Kanton Glarus
01;November;2018;Do;KW 44;Allerheiligen;Kanton Glarus
25;Dezember;2018;Di;KW 52;Weihnachten;Kanton Glarus
26;Dezember;2018;Mi;KW 52;Stephanstag;Kanton Glarus
01;Januar;2017;So;KW 52;Neujahrstag;Kanton Graubünden
06;Januar;2017;Fr;KW 01;Heilige drei Könige;Kanton Graubünden
20;Januar;2017;Fr;KW 03;Fest des hl. Sebastian;Kanton Graubünden
19;März;2017;So;KW 11;St. Josef;Kanton Graubünden
14;April;2017;Fr;KW 15;Karfreitag;Kanton Graubünden
17;April;2017;Mo;KW 16;Ostermontag;Kanton Graubünden
25;Mai;2017;Do;KW 21;Auffahrt;Kanton Graubünden
05;Juni;2017;Mo;KW 23;Pfingstmontag;Kanton Graubünden
15;Juni;2017;Do;KW 24;Fronleichnam;Kanton Graubünden
29;Juni;2017;Do;KW 26;St. Peter und Paul;Kanton Graubünden
25;Juli;2017;Di;KW 30;St. Jakob;Kanton Graubünden
01;August;2017;Di;KW 31;Nationalfeiertag Schweiz;Kanton Graubünden
15;August;2017;Di;KW 33;Mariä Himmelfahrt;Kanton Graubünden
01;November;2017;Mi;KW 44;Allerheiligen;Kanton Graubünden
08;Dezember;2017;Fr;KW 49;Mariä Empfängnis;Kanton Graubünden
25;Dezember;2017;Mo;KW 52;Weihnachten;Kanton Graubünden
26;Dezember;2017;Di;KW 52;Stephanstag;Kanton Graubünden
01;Januar;2018;Mo;KW 01;Neujahrstag;Kanton Graubünden
06;Januar;2018;Sa;KW 01;Heilige drei Könige;Kanton Graubünden
20;Januar;2018;Sa;KW 03;Fest des hl. Sebastian;Kanton Graubünden
19;März;2018;Mo;KW 12;St. Josef;Kanton Graubünden
30;März;2018;Fr;KW 13;Karfreitag;Kanton Graubünden
02;April;2018;Mo;KW 14;Ostermontag;Kanton Graubünden
10;Mai;2018;Do;KW 19;Auffahrt;Kanton Graubünden
21;Mai;2018;Mo;KW 21;Pfingstmontag;Kanton Graubünden
31;Mai;2018;Do;KW 22;Fronleichnam;Kanton Graubünden
29;Juni;2018;Fr;KW 26;St. Peter und Paul;Kanton Graubünden
25;Juli;2018;Mi;KW 30;St. Jakob;Kanton Graubünden
01;August;2018;Mi;KW 31;Nationalfeiertag Schweiz;Kanton Graubünden
15;August;2018;Mi;KW 33;Mariä Himmelfahrt;Kanton Graubünden
01;November;2018;Do;KW 44;Allerheiligen;Kanton Graubünden
08;Dezember;2018;Sa;KW 49;Mariä Empfängnis;Kanton Graubünden
25;Dezember;2018;Di;KW 52;Weihnachten;Kanton Graubünden
26;Dezember;2018;Mi;KW 52;Stephanstag;Kanton Graubünden
01;Januar;2017;So;KW 52;Neujahrstag;Kanton Jura
02;Januar;2017;Mo;KW 01;Berchtoldstag;Kanton Jura
01;März;2017;Mi;KW 09;Aschermittwoch;Kanton Jura
14;April;2017;Fr;KW 15;Karfreitag;Kanton Jura
17;April;2017;Mo;KW 16;Ostermontag;Kanton Jura
01;Mai;2017;Mo;KW 18;Tag der Arbeit;Kanton Jura
25;Mai;2017;Do;KW 21;Auffahrt;Kanton Jura
05;Juni;2017;Mo;KW 23;Pfingstmontag;Kanton Jura
15;Juni;2017;Do;KW 24;Fronleichnam;Kanton Jura
23;Juni;2017;Fr;KW 25;Fest der Unabhängigkeit Jura;Kanton Jura
01;August;2017;Di;KW 31;Nationalfeiertag Schweiz;Kanton Jura
15;August;2017;Di;KW 33;Mariä Himmelfahrt;Kanton Jura
01;November;2017;Mi;KW 44;Allerheiligen;Kanton Jura
25;Dezember;2017;Mo;KW 52;Weihnachten;Kanton Jura
01;Januar;2018;Mo;KW 01;Neujahrstag;Kanton Jura
02;Januar;2018;Di;KW 01;Berchtoldstag;Kanton Jura
14;Februar;2018;Mi;KW 07;Aschermittwoch;Kanton Jura
30;März;2018;Fr;KW 13;Karfreitag;Kanton Jura
02;April;2018;Mo;KW 14;Ostermontag;Kanton Jura
01;Mai;2018;Di;KW 18;Tag der Arbeit;Kanton Jura
10;Mai;2018;Do;KW 19;Auffahrt;Kanton Jura
21;Mai;2018;Mo;KW 21;Pfingstmontag;Kanton Jura
31;Mai;2018;Do;KW 22;Fronleichnam;Kanton Jura
23;Juni;2018;Sa;KW 25;Fest der Unabhängigkeit Jura;Kanton Jura
01;August;2018;Mi;KW 31;Nationalfeiertag Schweiz;Kanton Jura
15;August;2018;Mi;KW 33;Mariä Himmelfahrt;Kanton Jura
01;November;2018;Do;KW 44;Allerheiligen;Kanton Jura
25;Dezember;2018;Di;KW 52;Weihnachten;Kanton Jura
01;Januar;2017;So;KW 52;Neujahrstag;Kanton Luzern
20;Januar;2017;Fr;KW 03;Fest des hl. Sebastian;Kanton Luzern
03;Februar;2017;Fr;KW 05;St. Blasius;Kanton Luzern
05;Februar;2017;So;KW 05;St. Agatha;Kanton Luzern
19;März;2017;So;KW 11;St. Josef;Kanton Luzern
14;April;2017;Fr;KW 15;Karfreitag;Kanton Luzern
01;Mai;2017;Mo;KW 18;Kirchweihfest;Kanton Luzern
01;Mai;2017;Mo;KW 18;St. Johannes;Kanton Luzern
12;Mai;2017;Fr;KW 19;St. Pankratius;Kanton Luzern
25;Mai;2017;Do;KW 21;Auffahrt;Kanton Luzern
15;Juni;2017;Do;KW 24;Fronleichnam;Kanton Luzern
29;Juni;2017;Do;KW 26;St. Peter und Paul;Kanton Luzern
04;Juli;2017;Di;KW 27;St. Ulrich;Kanton Luzern
01;August;2017;Di;KW 31;Nationalfeiertag Schweiz;Kanton Luzern
10;August;2017;Do;KW 32;St. Laurentius;Kanton Luzern
15;August;2017;Di;KW 33;Mariä Himmelfahrt;Kanton Luzern
01;September;2017;Fr;KW 35;Verenentag;Kanton Luzern
02;September;2017;Sa;KW 35;St. Justus;Kanton Luzern
22;September;2017;Fr;KW 38;St. Mauritiustag;Kanton Luzern
29;September;2017;Fr;KW 39;St. Michael;Kanton Luzern
30;September;2017;Sa;KW 39;St. Hieronymus;Kanton Luzern
01;Oktober;2017;So;KW 39;Heilige Theresia;Kanton Luzern
02;Oktober;2017;Mo;KW 40;St. Leodegar;Kanton Luzern
16;Oktober;2017;Mo;KW 42;Gallustag;Kanton Luzern
20;Oktober;2017;Fr;KW 42;Wendelinstag;Kanton Luzern
01;November;2017;Mi;KW 44;Allerheiligen;Kanton Luzern
11;November;2017;Sa;KW 45;St. Martin;Kanton Luzern
26;November;2017;So;KW 47;St. Konrad;Kanton Luzern
30;November;2017;Do;KW 48;Andreastag;Kanton Luzern
08;Dezember;2017;Fr;KW 49;Mariä Empfängnis;Kanton Luzern
13;Dezember;2017;Mi;KW 50;Heilige Lucia;Kanton Luzern
25;Dezember;2017;Mo;KW 52;Weihnachten;Kanton Luzern
26;Dezember;2017;Di;KW 52;Stephanstag;Kanton Luzern
01;Januar;2018;Mo;KW 01;Neujahrstag;Kanton Luzern
20;Januar;2018;Sa;KW 03;Fest des hl. Sebastian;Kanton Luzern
03;Februar;2018;Sa;KW 05;St. Blasius;Kanton Luzern
05;Februar;2018;Mo;KW 06;St. Agatha;Kanton Luzern
19;März;2018;Mo;KW 12;St. Josef;Kanton Luzern
30;März;2018;Fr;KW 13;Karfreitag;Kanton Luzern
01;Mai;2018;Di;KW 18;Kirchweihfest;Kanton Luzern
01;Mai;2018;Di;KW 18;St. Johannes;Kanton Luzern
10;Mai;2018;Do;KW 19;Auffahrt;Kanton Luzern
12;Mai;2018;Sa;KW 19;St. Pankratius;Kanton Luzern
31;Mai;2018;Do;KW 22;Fronleichnam;Kanton Luzern
29;Juni;2018;Fr;KW 26;St. Peter und Paul;Kanton Luzern
04;Juli;2018;Mi;KW 27;St. Ulrich;Kanton Luzern
01;August;2018;Mi;KW 31;Nationalfeiertag Schweiz;Kanton Luzern
10;August;2018;Fr;KW 32;St. Laurentius;Kanton Luzern
15;August;2018;Mi;KW 33;Mariä Himmelfahrt;Kanton Luzern
01;September;2018;Sa;KW 35;Verenentag;Kanton Luzern
02;September;2018;So;KW 35;St. Justus;Kanton Luzern
22;September;2018;Sa;KW 38;St. Mauritiustag;Kanton Luzern
29;September;2018;Sa;KW 39;St. Michael;Kanton Luzern
30;September;2018;So;KW 39;St. Hieronymus;Kanton Luzern
01;Oktober;2018;Mo;KW 40;Heilige Theresia;Kanton Luzern
02;Oktober;2018;Di;KW 40;St. Leodegar;Kanton Luzern
16;Oktober;2018;Di;KW 42;Gallustag;Kanton Luzern
20;Oktober;2018;Sa;KW 42;Wendelinstag;Kanton Luzern
01;November;2018;Do;KW 44;Allerheiligen;Kanton Luzern
11;November;2018;So;KW 45;St. Martin;Kanton Luzern
26;November;2018;Mo;KW 48;St. Konrad;Kanton Luzern
30;November;2018;Fr;KW 48;Andreastag;Kanton Luzern
08;Dezember;2018;Sa;KW 49;Mariä Empfängnis;Kanton Luzern
13;Dezember;2018;Do;KW 50;Heilige Lucia;Kanton Luzern
25;Dezember;2018;Di;KW 52;Weihnachten;Kanton Luzern
26;Dezember;2018;Mi;KW 52;Stephanstag;Kanton Luzern
01;Januar;2017;So;KW 52;Neujahrstag;Kanton Neuenburg
01;März;2017;Mi;KW 09;Jahrestag Ausrufung Republik Neuenburg;Kanton Neuenburg
14;April;2017;Fr;KW 15;Karfreitag;Kanton Neuenburg
01;Mai;2017;Mo;KW 18;Tag der Arbeit;Kanton Neuenburg
25;Mai;2017;Do;KW 21;Auffahrt;Kanton Neuenburg
15;Juni;2017;Do;KW 24;Fronleichnam;Kanton Neuenburg
01;August;2017;Di;KW 31;Nationalfeiertag Schweiz;Kanton Neuenburg
25;Dezember;2017;Mo;KW 52;Weihnachten;Kanton Neuenburg
01;Januar;2018;Mo;KW 01;Neujahrstag;Kanton Neuenburg
01;März;2018;Do;KW 09;Jahrestag Ausrufung Republik Neuenburg;Kanton Neuenburg
30;März;2018;Fr;KW 13;Karfreitag;Kanton Neuenburg
01;Mai;2018;Di;KW 18;Tag der Arbeit;Kanton Neuenburg
10;Mai;2018;Do;KW 19;Auffahrt;Kanton Neuenburg
31;Mai;2018;Do;KW 22;Fronleichnam;Kanton Neuenburg
01;August;2018;Mi;KW 31;Nationalfeiertag Schweiz;Kanton Neuenburg
25;Dezember;2018;Di;KW 52;Weihnachten;Kanton Neuenburg
01;Januar;2017;So;KW 52;Neujahrstag;Kanton Nidwalden
19;März;2017;So;KW 11;St. Josef;Kanton Nidwalden
14;April;2017;Fr;KW 15;Karfreitag;Kanton Nidwalden
25;Mai;2017;Do;KW 21;Auffahrt;Kanton Nidwalden
15;Juni;2017;Do;KW 24;Fronleichnam;Kanton Nidwalden
01;August;2017;Di;KW 31;Nationalfeiertag Schweiz;Kanton Nidwalden
15;August;2017;Di;KW 33;Mariä Himmelfahrt;Kanton Nidwalden
01;November;2017;Mi;KW 44;Allerheiligen;Kanton Nidwalden
08;Dezember;2017;Fr;KW 49;Mariä Empfängnis;Kanton Nidwalden
25;Dezember;2017;Mo;KW 52;Weihnachten;Kanton Nidwalden
01;Januar;2018;Mo;KW 01;Neujahrstag;Kanton Nidwalden
19;März;2018;Mo;KW 12;St. Josef;Kanton Nidwalden
30;März;2018;Fr;KW 13;Karfreitag;Kanton Nidwalden
10;Mai;2018;Do;KW 19;Auffahrt;Kanton Nidwalden
31;Mai;2018;Do;KW 22;Fronleichnam;Kanton Nidwalden
01;August;2018;Mi;KW 31;Nationalfeiertag Schweiz;Kanton Nidwalden
15;August;2018;Mi;KW 33;Mariä Himmelfahrt;Kanton Nidwalden
01;November;2018;Do;KW 44;Allerheiligen;Kanton Nidwalden
08;Dezember;2018;Sa;KW 49;Mariä Empfängnis;Kanton Nidwalden
25;Dezember;2018;Di;KW 52;Weihnachten;Kanton Nidwalden
01;Januar;2017;So;KW 52;Neujahrstag;Kanton Obwalden
21;März;2017;Di;KW 12;St. Benediktstag;Kanton Obwalden
14;April;2017;Fr;KW 15;Karfreitag;Kanton Obwalden
25;Mai;2017;Do;KW 21;Auffahrt;Kanton Obwalden
15;Juni;2017;Do;KW 24;Fronleichnam;Kanton Obwalden
01;August;2017;Di;KW 31;Nationalfeiertag Schweiz;Kanton Obwalden
15;August;2017;Di;KW 33;Mariä Himmelfahrt;Kanton Obwalden
25;September;2017;Mo;KW 39;St. Niklaus von Flüe;Kanton Obwalden
01;November;2017;Mi;KW 44;Allerheiligen;Kanton Obwalden
08;Dezember;2017;Fr;KW 49;Mariä Empfängnis;Kanton Obwalden
25;Dezember;2017;Mo;KW 52;Weihnachten;Kanton Obwalden
01;Januar;2018;Mo;KW 01;Neujahrstag;Kanton Obwalden
21;März;2018;Mi;KW 12;St. Benediktstag;Kanton Obwalden
30;März;2018;Fr;KW 13;Karfreitag;Kanton Obwalden
10;Mai;2018;Do;KW 19;Auffahrt;Kanton Obwalden
31;Mai;2018;Do;KW 22;Fronleichnam;Kanton Obwalden
01;August;2018;Mi;KW 31;Nationalfeiertag Schweiz;Kanton Obwalden
15;August;2018;Mi;KW 33;Mariä Himmelfahrt;Kanton Obwalden
25;September;2018;Di;KW 39;St. Niklaus von Flüe;Kanton Obwalden
01;November;2018;Do;KW 44;Allerheiligen;Kanton Obwalden
08;Dezember;2018;Sa;KW 49;Mariä Empfängnis;Kanton Obwalden
25;Dezember;2018;Di;KW 52;Weihnachten;Kanton Obwalden
01;Januar;2017;So;KW 52;Neujahrstag;Kanton Schaffhausen
14;April;2017;Fr;KW 15;Karfreitag;Kanton Schaffhausen
17;April;2017;Mo;KW 16;Ostermontag;Kanton Schaffhausen
01;Mai;2017;Mo;KW 18;Tag der Arbeit;Kanton Schaffhausen
25;Mai;2017;Do;KW 21;Auffahrt;Kanton Schaffhausen
05;Juni;2017;Mo;KW 23;Pfingstmontag;Kanton Schaffhausen
01;August;2017;Di;KW 31;Nationalfeiertag Schweiz;Kanton Schaffhausen
25;Dezember;2017;Mo;KW 52;Weihnachten;Kanton Schaffhausen
26;Dezember;2017;Di;KW 52;Stephanstag;Kanton Schaffhausen
01;Januar;2018;Mo;KW 01;Neujahrstag;Kanton Schaffhausen
30;März;2018;Fr;KW 13;Karfreitag;Kanton Schaffhausen
02;April;2018;Mo;KW 14;Ostermontag;Kanton Schaffhausen
01;Mai;2018;Di;KW 18;Tag der Arbeit;Kanton Schaffhausen
10;Mai;2018;Do;KW 19;Auffahrt;Kanton Schaffhausen
21;Mai;2018;Mo;KW 21;Pfingstmontag;Kanton Schaffhausen
01;August;2018;Mi;KW 31;Nationalfeiertag Schweiz;Kanton Schaffhausen
25;Dezember;2018;Di;KW 52;Weihnachten;Kanton Schaffhausen
26;Dezember;2018;Mi;KW 52;Stephanstag;Kanton Schaffhausen
01;Januar;2017;So;KW 52;Neujahrstag;Kanton Schwyz
06;Januar;2017;Fr;KW 01;Heilige drei Könige;Kanton Schwyz
17;Januar;2017;Di;KW 03;St. Antoniustag;Kanton Schwyz
21;Januar;2017;Sa;KW 03;St. Meinradstag;Kanton Schwyz
02;Februar;2017;Do;KW 05;Mariä Lichtmess;Kanton Schwyz
05;Februar;2017;So;KW 05;St. Agatha;Kanton Schwyz
19;März;2017;So;KW 11;St. Josef;Kanton Schwyz
14;April;2017;Fr;KW 15;Karfreitag;Kanton Schwyz
17;April;2017;Mo;KW 16;Ostermontag;Kanton Schwyz
26;April;2017;Mi;KW 17;Kirchenfeiertag;Kanton Schwyz
01;Mai;2017;Mo;KW 18;Heiliger Sigismund;Kanton Schwyz
25;Mai;2017;Do;KW 21;Auffahrt;Kanton Schwyz
05;Juni;2017;Mo;KW 23;Pfingstmontag;Kanton Schwyz
15;Juni;2017;Do;KW 24;Fronleichnam;Kanton Schwyz
01;August;2017;Di;KW 31;Nationalfeiertag Schweiz;Kanton Schwyz
15;August;2017;Di;KW 33;Mariä Himmelfahrt;Kanton Schwyz
14;September;2017;Do;KW 37;Engelweihe;Kanton Schwyz
16;Oktober;2017;Mo;KW 42;Gallustag;Kanton Schwyz
01;November;2017;Mi;KW 44;Allerheiligen;Kanton Schwyz
11;November;2017;Sa;KW 45;St. Martin;Kanton Schwyz
08;Dezember;2017;Fr;KW 49;Mariä Empfängnis;Kanton Schwyz
25;Dezember;2017;Mo;KW 52;Weihnachten;Kanton Schwyz
26;Dezember;2017;Di;KW 52;Stephanstag;Kanton Schwyz
01;Januar;2018;Mo;KW 01;Neujahrstag;Kanton Schwyz
06;Januar;2018;Sa;KW 01;Heilige drei Könige;Kanton Schwyz
17;Januar;2018;Mi;KW 03;St. Antoniustag;Kanton Schwyz
21;Januar;2018;So;KW 03;St. Meinradstag;Kanton Schwyz
02;Februar;2018;Fr;KW 05;Mariä Lichtmess;Kanton Schwyz
05;Februar;2018;Mo;KW 06;St. Agatha;Kanton Schwyz
19;März;2018;Mo;KW 12;St. Josef;Kanton Schwyz
30;März;2018;Fr;KW 13;Karfreitag;Kanton Schwyz
02;April;2018;Mo;KW 14;Ostermontag;Kanton Schwyz
26;April;2018;Do;KW 17;Kirchenfeiertag;Kanton Schwyz
01;Mai;2018;Di;KW 18;Heiliger Sigismund;Kanton Schwyz
10;Mai;2018;Do;KW 19;Auffahrt;Kanton Schwyz
21;Mai;2018;Mo;KW 21;Pfingstmontag;Kanton Schwyz
31;Mai;2018;Do;KW 22;Fronleichnam;Kanton Schwyz
01;August;2018;Mi;KW 31;Nationalfeiertag Schweiz;Kanton Schwyz
15;August;2018;Mi;KW 33;Mariä Himmelfahrt;Kanton Schwyz
14;September;2018;Fr;KW 37;Engelweihe;Kanton Schwyz
16;Oktober;2018;Di;KW 42;Gallustag;Kanton Schwyz
01;November;2018;Do;KW 44;Allerheiligen;Kanton Schwyz
11;November;2018;So;KW 45;St. Martin;Kanton Schwyz
08;Dezember;2018;Sa;KW 49;Mariä Empfängnis;Kanton Schwyz
25;Dezember;2018;Di;KW 52;Weihnachten;Kanton Schwyz
26;Dezember;2018;Mi;KW 52;Stephanstag;Kanton Schwyz
01;Januar;2017;So;KW 52;Neujahrstag;Kanton Solothurn
17;Januar;2017;Di;KW 03;St. Antoniustag;Kanton Solothurn
20;Januar;2017;Fr;KW 03;Fest des hl. Sebastian;Kanton Solothurn
05;Februar;2017;So;KW 05;St. Agatha;Kanton Solothurn
06;März;2017;Mo;KW 10;Fridolinstag;Kanton Solothurn
19;März;2017;So;KW 11;St. Josef;Kanton Solothurn
14;April;2017;Fr;KW 15;Karfreitag;Kanton Solothurn
01;Mai;2017;Mo;KW 18;Tag der Arbeit;Kanton Solothurn
25;Mai;2017;Do;KW 21;Auffahrt;Kanton Solothurn
15;Juni;2017;Do;KW 24;Fronleichnam;Kanton Solothurn
02;Juli;2017;So;KW 26;Mariä Heimsuchung;Kanton Solothurn
04;Juli;2017;Di;KW 27;St. Ulrich;Kanton Solothurn
01;August;2017;Di;KW 31;Nationalfeiertag Schweiz;Kanton Solothurn
15;August;2017;Di;KW 33;Mariä Himmelfahrt;Kanton Solothurn
22;September;2017;Fr;KW 38;St. Mauritiustag;Kanton Solothurn
30;September;2017;Sa;KW 39;St. Urs und Viktor;Kanton Solothurn
16;Oktober;2017;Mo;KW 42;Gallustag;Kanton Solothurn
20;Oktober;2017;Fr;KW 42;Wendelinstag;Kanton Solothurn
01;November;2017;Mi;KW 44;Allerheiligen;Kanton Solothurn
11;November;2017;Sa;KW 45;St. Martin;Kanton Solothurn
08;Dezember;2017;Fr;KW 49;Mariä Empfängnis;Kanton Solothurn
25;Dezember;2017;Mo;KW 52;Weihnachten;Kanton Solothurn
26;Dezember;2017;Di;KW 52;Stephanstag;Kanton Solothurn
01;Januar;2018;Mo;KW 01;Neujahrstag;Kanton Solothurn
17;Januar;2018;Mi;KW 03;St. Antoniustag;Kanton Solothurn
20;Januar;2018;Sa;KW 03;Fest des hl. Sebastian;Kanton Solothurn
05;Februar;2018;Mo;KW 06;St. Agatha;Kanton Solothurn
06;März;2018;Di;KW 10;Fridolinstag;Kanton Solothurn
19;März;2018;Mo;KW 12;St. Josef;Kanton Solothurn
30;März;2018;Fr;KW 13;Karfreitag;Kanton Solothurn
01;Mai;2018;Di;KW 18;Tag der Arbeit;Kanton Solothurn
10;Mai;2018;Do;KW 19;Auffahrt;Kanton Solothurn
31;Mai;2018;Do;KW 22;Fronleichnam;Kanton Solothurn
02;Juli;2018;Mo;KW 27;Mariä Heimsuchung;Kanton Solothurn
04;Juli;2018;Mi;KW 27;St. Ulrich;Kanton Solothurn
01;August;2018;Mi;KW 31;Nationalfeiertag Schweiz;Kanton Solothurn
15;August;2018;Mi;KW 33;Mariä Himmelfahrt;Kanton Solothurn
22;September;2018;Sa;KW 38;St. Mauritiustag;Kanton Solothurn
30;September;2018;So;KW 39;St. Urs und Viktor;Kanton Solothurn
16;Oktober;2018;Di;KW 42;Gallustag;Kanton Solothurn
20;Oktober;2018;Sa;KW 42;Wendelinstag;Kanton Solothurn
01;November;2018;Do;KW 44;Allerheiligen;Kanton Solothurn
11;November;2018;So;KW 45;St. Martin;Kanton Solothurn
08;Dezember;2018;Sa;KW 49;Mariä Empfängnis;Kanton Solothurn
25;Dezember;2018;Di;KW 52;Weihnachten;Kanton Solothurn
26;Dezember;2018;Mi;KW 52;Stephanstag;Kanton Solothurn
01;Januar;2017;So;KW 52;Neujahrstag;Kanton St. Gallen
17;Januar;2017;Di;KW 03;St. Antoniustag;Kanton St. Gallen
14;April;2017;Fr;KW 15;Karfreitag;Kanton St. Gallen
17;April;2017;Mo;KW 16;Ostermontag;Kanton St. Gallen
25;Mai;2017;Do;KW 21;Auffahrt;Kanton St. Gallen
05;Juni;2017;Mo;KW 23;Pfingstmontag;Kanton St. Gallen
01;August;2017;Di;KW 31;Nationalfeiertag Schweiz;Kanton St. Gallen
14;September;2017;Do;KW 37;Heiligkreuztag;Kanton St. Gallen
01;November;2017;Mi;KW 44;Allerheiligen;Kanton St. Gallen
25;Dezember;2017;Mo;KW 52;Weihnachten;Kanton St. Gallen
26;Dezember;2017;Di;KW 52;Stephanstag;Kanton St. Gallen
01;Januar;2018;Mo;KW 01;Neujahrstag;Kanton St. Gallen
17;Januar;2018;Mi;KW 03;St. Antoniustag;Kanton St. Gallen
30;März;2018;Fr;KW 13;Karfreitag;Kanton St. Gallen
02;April;2018;Mo;KW 14;Ostermontag;Kanton St. Gallen
10;Mai;2018;Do;KW 19;Auffahrt;Kanton St. Gallen
21;Mai;2018;Mo;KW 21;Pfingstmontag;Kanton St. Gallen
01;August;2018;Mi;KW 31;Nationalfeiertag Schweiz;Kanton St. Gallen
14;September;2018;Fr;KW 37;Heiligkreuztag;Kanton St. Gallen
01;November;2018;Do;KW 44;Allerheiligen;Kanton St. Gallen
25;Dezember;2018;Di;KW 52;Weihnachten;Kanton St. Gallen
26;Dezember;2018;Mi;KW 52;Stephanstag;Kanton St. Gallen
01;Januar;2017;So;KW 52;Neujahrstag;Kanton Tessin
06;Januar;2017;Fr;KW 01;Heilige drei Könige;Kanton Tessin
01;März;2017;Mi;KW 09;Aschermittwoch;Kanton Tessin
19;März;2017;So;KW 11;St. Josef;Kanton Tessin
17;April;2017;Mo;KW 16;Ostermontag;Kanton Tessin
01;Mai;2017;Mo;KW 18;Tag der Arbeit;Kanton Tessin
25;Mai;2017;Do;KW 21;Auffahrt;Kanton Tessin
05;Juni;2017;Mo;KW 23;Pfingstmontag;Kanton Tessin
15;Juni;2017;Do;KW 24;Fronleichnam;Kanton Tessin
29;Juni;2017;Do;KW 26;St. Peter und Paul;Kanton Tessin
01;August;2017;Di;KW 31;Nationalfeiertag Schweiz;Kanton Tessin
15;August;2017;Di;KW 33;Mariä Himmelfahrt;Kanton Tessin
01;November;2017;Mi;KW 44;Allerheiligen;Kanton Tessin
08;Dezember;2017;Fr;KW 49;Mariä Empfängnis;Kanton Tessin
25;Dezember;2017;Mo;KW 52;Weihnachten;Kanton Tessin
26;Dezember;2017;Di;KW 52;Stephanstag;Kanton Tessin
01;Januar;2018;Mo;KW 01;Neujahrstag;Kanton Tessin
06;Januar;2018;Sa;KW 01;Heilige drei Könige;Kanton Tessin
14;Februar;2018;Mi;KW 07;Aschermittwoch;Kanton Tessin
19;März;2018;Mo;KW 12;St. Josef;Kanton Tessin
02;April;2018;Mo;KW 14;Ostermontag;Kanton Tessin
01;Mai;2018;Di;KW 18;Tag der Arbeit;Kanton Tessin
10;Mai;2018;Do;KW 19;Auffahrt;Kanton Tessin
21;Mai;2018;Mo;KW 21;Pfingstmontag;Kanton Tessin
31;Mai;2018;Do;KW 22;Fronleichnam;Kanton Tessin
29;Juni;2018;Fr;KW 26;St. Peter und Paul;Kanton Tessin
01;August;2018;Mi;KW 31;Nationalfeiertag Schweiz;Kanton Tessin
15;August;2018;Mi;KW 33;Mariä Himmelfahrt;Kanton Tessin
01;November;2018;Do;KW 44;Allerheiligen;Kanton Tessin
08;Dezember;2018;Sa;KW 49;Mariä Empfängnis;Kanton Tessin
25;Dezember;2018;Di;KW 52;Weihnachten;Kanton Tessin
26;Dezember;2018;Mi;KW 52;Stephanstag;Kanton Tessin
01;Januar;2017;So;KW 52;Neujahrstag;Kanton Thurgau
02;Januar;2017;Mo;KW 01;Berchtoldstag;Kanton Thurgau
14;April;2017;Fr;KW 15;Karfreitag;Kanton Thurgau
17;April;2017;Mo;KW 16;Ostermontag;Kanton Thurgau
01;Mai;2017;Mo;KW 18;Tag der Arbeit;Kanton Thurgau
25;Mai;2017;Do;KW 21;Auffahrt;Kanton Thurgau
05;Juni;2017;Mo;KW 23;Pfingstmontag;Kanton Thurgau
01;August;2017;Di;KW 31;Nationalfeiertag Schweiz;Kanton Thurgau
25;Dezember;2017;Mo;KW 52;Weihnachten;Kanton Thurgau
26;Dezember;2017;Di;KW 52;Stephanstag;Kanton Thurgau
01;Januar;2018;Mo;KW 01;Neujahrstag;Kanton Thurgau
02;Januar;2018;Di;KW 01;Berchtoldstag;Kanton Thurgau
30;März;2018;Fr;KW 13;Karfreitag;Kanton Thurgau
02;April;2018;Mo;KW 14;Ostermontag;Kanton Thurgau
01;Mai;2018;Di;KW 18;Tag der Arbeit;Kanton Thurgau
10;Mai;2018;Do;KW 19;Auffahrt;Kanton Thurgau
21;Mai;2018;Mo;KW 21;Pfingstmontag;Kanton Thurgau
01;August;2018;Mi;KW 31;Nationalfeiertag Schweiz;Kanton Thurgau
25;Dezember;2018;Di;KW 52;Weihnachten;Kanton Thurgau
26;Dezember;2018;Mi;KW 52;Stephanstag;Kanton Thurgau
01;Januar;2017;So;KW 52;Neujahrstag;Kanton Uri
06;Januar;2017;Fr;KW 01;Heilige drei Könige;Kanton Uri
05;Februar;2017;So;KW 05;St. Agatha;Kanton Uri
19;März;2017;So;KW 11;St. Josef;Kanton Uri
14;April;2017;Fr;KW 15;Karfreitag;Kanton Uri
17;April;2017;Mo;KW 16;Ostermontag;Kanton Uri
25;Mai;2017;Do;KW 21;Auffahrt;Kanton Uri
05;Juni;2017;Mo;KW 23;Pfingstmontag;Kanton Uri
15;Juni;2017;Do;KW 24;Fronleichnam;Kanton Uri
01;August;2017;Di;KW 31;Nationalfeiertag Schweiz;Kanton Uri
15;August;2017;Di;KW 33;Mariä Himmelfahrt;Kanton Uri
01;November;2017;Mi;KW 44;Allerheiligen;Kanton Uri
08;Dezember;2017;Fr;KW 49;Mariä Empfängnis;Kanton Uri
25;Dezember;2017;Mo;KW 52;Weihnachten;Kanton Uri
01;Januar;2018;Mo;KW 01;Neujahrstag;Kanton Uri
06;Januar;2018;Sa;KW 01;Heilige drei Könige;Kanton Uri
05;Februar;2018;Mo;KW 06;St. Agatha;Kanton Uri
19;März;2018;Mo;KW 12;St. Josef;Kanton Uri
30;März;2018;Fr;KW 13;Karfreitag;Kanton Uri
02;April;2018;Mo;KW 14;Ostermontag;Kanton Uri
10;Mai;2018;Do;KW 19;Auffahrt;Kanton Uri
21;Mai;2018;Mo;KW 21;Pfingstmontag;Kanton Uri
31;Mai;2018;Do;KW 22;Fronleichnam;Kanton Uri
01;August;2018;Mi;KW 31;Nationalfeiertag Schweiz;Kanton Uri
15;August;2018;Mi;KW 33;Mariä Himmelfahrt;Kanton Uri
01;November;2018;Do;KW 44;Allerheiligen;Kanton Uri
08;Dezember;2018;Sa;KW 49;Mariä Empfängnis;Kanton Uri
25;Dezember;2018;Di;KW 52;Weihnachten;Kanton Uri
26;Dezember;2018;Mi;KW 52;Stephanstag;Kanton Uri
01;Januar;2017;So;KW 52;Neujahrstag;Kanton Waadt
02;Januar;2017;Mo;KW 01;Berchtoldstag;Kanton Waadt
14;April;2017;Fr;KW 15;Karfreitag;Kanton Waadt
17;April;2017;Mo;KW 16;Ostermontag;Kanton Waadt
25;Mai;2017;Do;KW 21;Auffahrt;Kanton Waadt
05;Juni;2017;Mo;KW 23;Pfingstmontag;Kanton Waadt
01;August;2017;Di;KW 31;Nationalfeiertag Schweiz;Kanton Waadt
18;September;2017;Mo;KW 38;Bettagsmontag;Kanton Waadt
25;Dezember;2017;Mo;KW 52;Weihnachten;Kanton Waadt
01;Januar;2018;Mo;KW 01;Neujahrstag;Kanton Waadt
02;Januar;2018;Di;KW 01;Berchtoldstag;Kanton Waadt
30;März;2018;Fr;KW 13;Karfreitag;Kanton Waadt
02;April;2018;Mo;KW 14;Ostermontag;Kanton Waadt
10;Mai;2018;Do;KW 19;Auffahrt;Kanton Waadt
21;Mai;2018;Mo;KW 21;Pfingstmontag;Kanton Waadt
01;August;2018;Mi;KW 31;Nationalfeiertag Schweiz;Kanton Waadt
17;September;2018;Mo;KW 38;Bettagsmontag;Kanton Waadt
25;Dezember;2018;Di;KW 52;Weihnachten;Kanton Waadt
01;Januar;2017;So;KW 52;Neujahrstag;Kanton Appenzell Ausserrhoden
13;Januar;2017;Fr;KW 02;Alter Silvester;Kanton Appenzell Ausserrhoden
14;April;2017;Fr;KW 15;Karfreitag;Kanton Appenzell Ausserrhoden
17;April;2017;Mo;KW 16;Ostermontag;Kanton Appenzell Ausserrhoden
25;Mai;2017;Do;KW 21;Auffahrt;Kanton Appenzell Ausserrhoden
05;Juni;2017;Mo;KW 23;Pfingstmontag;Kanton Appenzell Ausserrhoden
01;August;2017;Di;KW 31;Nationalfeiertag Schweiz;Kanton Appenzell Ausserrhoden
25;Dezember;2017;Mo;KW 52;Weihnachten;Kanton Appenzell Ausserrhoden
01;Januar;2018;Mo;KW 01;Neujahrstag;Kanton Appenzell Ausserrhoden
13;Januar;2018;Sa;KW 02;Alter Silvester;Kanton Appenzell Ausserrhoden
30;März;2018;Fr;KW 13;Karfreitag;Kanton Appenzell Ausserrhoden
02;April;2018;Mo;KW 14;Ostermontag;Kanton Appenzell Ausserrhoden
10;Mai;2018;Do;KW 19;Auffahrt;Kanton Appenzell Ausserrhoden
21;Mai;2018;Mo;KW 21;Pfingstmontag;Kanton Appenzell Ausserrhoden
01;August;2018;Mi;KW 31;Nationalfeiertag Schweiz;Kanton Appenzell Ausserrhoden
25;Dezember;2018;Di;KW 52;Weihnachten;Kanton Appenzell Ausserrhoden
26;Dezember;2018;Mi;KW 52;Stephanstag;Kanton Appenzell Ausserrhoden
01;Januar;2017;So;KW 52;Neujahrstag;Kanton Appenzell Innerrhoden
14;April;2017;Fr;KW 15;Karfreitag;Kanton Appenzell Innerrhoden
17;April;2017;Mo;KW 16;Ostermontag;Kanton Appenzell Innerrhoden
25;Mai;2017;Do;KW 21;Auffahrt;Kanton Appenzell Innerrhoden
05;Juni;2017;Mo;KW 23;Pfingstmontag;Kanton Appenzell Innerrhoden
15;Juni;2017;Do;KW 24;Fronleichnam;Kanton Appenzell Innerrhoden
01;August;2017;Di;KW 31;Nationalfeiertag Schweiz;Kanton Appenzell Innerrhoden
15;August;2017;Di;KW 33;Mariä Himmelfahrt;Kanton Appenzell Innerrhoden
22;September;2017;Fr;KW 38;St. Mauritiustag;Kanton Appenzell Innerrhoden
01;November;2017;Mi;KW 44;Allerheiligen;Kanton Appenzell Innerrhoden
08;Dezember;2017;Fr;KW 49;Mariä Empfängnis;Kanton Appenzell Innerrhoden
25;Dezember;2017;Mo;KW 52;Weihnachten;Kanton Appenzell Innerrhoden
01;Januar;2018;Mo;KW 01;Neujahrstag;Kanton Appenzell Innerrhoden
30;März;2018;Fr;KW 13;Karfreitag;Kanton Appenzell Innerrhoden
02;April;2018;Mo;KW 14;Ostermontag;Kanton Appenzell Innerrhoden
10;Mai;2018;Do;KW 19;Auffahrt;Kanton Appenzell Innerrhoden
21;Mai;2018;Mo;KW 21;Pfingstmontag;Kanton Appenzell Innerrhoden
31;Mai;2018;Do;KW 22;Fronleichnam;Kanton Appenzell Innerrhoden
01;August;2018;Mi;KW 31;Nationalfeiertag Schweiz;Kanton Appenzell Innerrhoden
15;August;2018;Mi;KW 33;Mariä Himmelfahrt;Kanton Appenzell Innerrhoden
22;September;2018;Sa;KW 38;St. Mauritiustag;Kanton Appenzell Innerrhoden
01;November;2018;Do;KW 44;Allerheiligen;Kanton Appenzell Innerrhoden
08;Dezember;2018;Sa;KW 49;Mariä Empfängnis;Kanton Appenzell Innerrhoden
25;Dezember;2018;Di;KW 52;Weihnachten;Kanton Appenzell Innerrhoden
26;Dezember;2018;Mi;KW 52;Stephanstag;Kanton Appenzell Innerrhoden
01;Januar;2017;So;KW 52;Neujahrstag;Kanton Wallis
19;März;2017;So;KW 11;St. Josef;Kanton Wallis
23;April;2017;So;KW 16;Georgstag;Kanton Wallis
25;Mai;2017;Do;KW 21;Auffahrt;Kanton Wallis
13;Juni;2017;Di;KW 24;St. Antonius;Kanton Wallis
15;Juni;2017;Do;KW 24;Herrgottstag;Kanton Wallis
01;August;2017;Di;KW 31;Nationalfeiertag Schweiz;Kanton Wallis
15;August;2017;Di;KW 33;Mariä Himmelfahrt;Kanton Wallis
29;August;2017;Di;KW 35;St. Johannes Enthauptung;Kanton Wallis
01;November;2017;Mi;KW 44;Allerheiligen;Kanton Wallis
08;Dezember;2017;Fr;KW 49;Mariä Empfängnis;Kanton Wallis
25;Dezember;2017;Mo;KW 52;Weihnachten;Kanton Wallis
01;Januar;2018;Mo;KW 01;Neujahrstag;Kanton Wallis
19;März;2018;Mo;KW 12;St. Josef;Kanton Wallis
23;April;2018;Mo;KW 17;Georgstag;Kanton Wallis
10;Mai;2018;Do;KW 19;Auffahrt;Kanton Wallis
31;Mai;2018;Do;KW 22;Herrgottstag;Kanton Wallis
13;Juni;2018;Mi;KW 24;St. Antonius;Kanton Wallis
01;August;2018;Mi;KW 31;Nationalfeiertag Schweiz;Kanton Wallis
15;August;2018;Mi;KW 33;Mariä Himmelfahrt;Kanton Wallis
29;August;2018;Mi;KW 35;St. Johannes Enthauptung;Kanton Wallis
01;November;2018;Do;KW 44;Allerheiligen;Kanton Wallis
08;Dezember;2018;Sa;KW 49;Mariä Empfängnis;Kanton Wallis
25;Dezember;2018;Di;KW 52;Weihnachten;Kanton Wallis
01;Januar;2017;So;KW 52;Neujahrstag;Kanton Basel Landschaft
06;März;2017;Mo;KW 10;Fasnacht;Kanton Basel Landschaft
08;März;2017;Mi;KW 10;Fasnachts Mittwoch;Kanton Basel Landschaft
14;April;2017;Fr;KW 15;Karfreitag;Kanton Basel Landschaft
17;April;2017;Mo;KW 16;Ostermontag;Kanton Basel Landschaft
01;Mai;2017;Mo;KW 18;Tag der Arbeit;Kanton Basel Landschaft
25;Mai;2017;Do;KW 21;Auffahrt;Kanton Basel Landschaft
05;Juni;2017;Mo;KW 23;Pfingstmontag;Kanton Basel Landschaft
01;August;2017;Di;KW 31;Nationalfeiertag Schweiz;Kanton Basel Landschaft
25;Dezember;2017;Mo;KW 52;Weihnachten;Kanton Basel Landschaft
26;Dezember;2017;Di;KW 52;Stephanstag;Kanton Basel Landschaft
01;Januar;2018;Mo;KW 01;Neujahrstag;Kanton Basel Landschaft
19;Februar;2018;Mo;KW 08;Fasnacht;Kanton Basel Landschaft
21;Februar;2018;Mi;KW 08;Fasnachts Mittwoch;Kanton Basel Landschaft
30;März;2018;Fr;KW 13;Karfreitag;Kanton Basel Landschaft
02;April;2018;Mo;KW 14;Ostermontag;Kanton Basel Landschaft
01;Mai;2018;Di;KW 18;Tag der Arbeit;Kanton Basel Landschaft
10;Mai;2018;Do;KW 19;Auffahrt;Kanton Basel Landschaft
21;Mai;2018;Mo;KW 21;Pfingstmontag;Kanton Basel Landschaft
01;August;2018;Mi;KW 31;Nationalfeiertag Schweiz;Kanton Basel Landschaft
25;Dezember;2018;Di;KW 52;Weihnachten;Kanton Basel Landschaft
26;Dezember;2018;Mi;KW 52;Stephanstag;Kanton Basel Landschaft
01;Januar;2017;So;KW 52;Neujahrstag;Kanton Zug
14;April;2017;Fr;KW 15;Karfreitag;Kanton Zug
25;Mai;2017;Do;KW 21;Auffahrt;Kanton Zug
15;Juni;2017;Do;KW 24;Fronleichnam;Kanton Zug
01;August;2017;Di;KW 31;Nationalfeiertag Schweiz;Kanton Zug
15;August;2017;Di;KW 33;Mariä Himmelfahrt;Kanton Zug
08;September;2017;Fr;KW 36;Mariä Geburt;Kanton Zug
01;November;2017;Mi;KW 44;Allerheiligen;Kanton Zug
08;Dezember;2017;Fr;KW 49;Mariä Empfängnis;Kanton Zug
25;Dezember;2017;Mo;KW 52;Weihnachten;Kanton Zug
01;Januar;2018;Mo;KW 01;Neujahrstag;Kanton Zug
30;März;2018;Fr;KW 13;Karfreitag;Kanton Zug
10;Mai;2018;Do;KW 19;Auffahrt;Kanton Zug
31;Mai;2018;Do;KW 22;Fronleichnam;Kanton Zug
01;August;2018;Mi;KW 31;Nationalfeiertag Schweiz;Kanton Zug
15;August;2018;Mi;KW 33;Mariä Himmelfahrt;Kanton Zug
08;September;2018;Sa;KW 36;Mariä Geburt;Kanton Zug
01;November;2018;Do;KW 44;Allerheiligen;Kanton Zug
08;Dezember;2018;Sa;KW 49;Mariä Empfängnis;Kanton Zug
25;Dezember;2018;Di;KW 52;Weihnachten;Kanton Zug
01;Januar;2017;So;KW 52;Neujahrstag;Kanton Zürich
14;April;2017;Fr;KW 15;Karfreitag;Kanton Zürich
17;April;2017;Mo;KW 16;Ostermontag;Kanton Zürich
01;Mai;2017;Mo;KW 18;Tag der Arbeit;Kanton Zürich
25;Mai;2017;Do;KW 21;Auffahrt;Kanton Zürich
05;Juni;2017;Mo;KW 23;Pfingstmontag;Kanton Zürich
01;August;2017;Di;KW 31;Nationalfeiertag Schweiz;Kanton Zürich
25;Dezember;2017;Mo;KW 52;Weihnachten;Kanton Zürich
26;Dezember;2017;Di;KW 52;Stephanstag;Kanton Zürich
01;Januar;2018;Mo;KW 01;Neujahrstag;Kanton Zürich
30;März;2018;Fr;KW 13;Karfreitag;Kanton Zürich
02;April;2018;Mo;KW 14;Ostermontag;Kanton Zürich
01;Mai;2018;Di;KW 18;Tag der Arbeit;Kanton Zürich
10;Mai;2018;Do;KW 19;Auffahrt;Kanton Zürich
21;Mai;2018;Mo;KW 21;Pfingstmontag;Kanton Zürich
01;August;2018;Mi;KW 31;Nationalfeiertag Schweiz;Kanton Zürich
25;Dezember;2018;Di;KW 52;Weihnachten;Kanton Zürich
26;Dezember;2018;Mi;KW 52;Stephanstag;Kanton Zürich
01;Januar;2017;So;KW 52;Neujahrstag;Schweiz
02;Januar;2017;Mo;KW 01;Berchtoldstag;Schweiz
06;Januar;2017;Fr;KW 01;Heilige drei Könige;Schweiz
13;Januar;2017;Fr;KW 02;Alter Silvester;Schweiz
17;Januar;2017;Di;KW 03;St. Antoniustag;Schweiz
20;Januar;2017;Fr;KW 03;Fest des hl. Sebastian;Schweiz
21;Januar;2017;Sa;KW 03;St. Meinradstag;Schweiz
02;Februar;2017;Do;KW 05;Mariä Lichtmess;Schweiz
03;Februar;2017;Fr;KW 05;St. Blasius;Schweiz
05;Februar;2017;So;KW 05;St. Agatha;Schweiz
01;März;2017;Mi;KW 09;Jahrestag Ausrufung Republik Neuenburg;Schweiz
01;März;2017;Mi;KW 09;Aschermittwoch;Schweiz
06;März;2017;Mo;KW 10;Fridolinstag;Schweiz
06;März;2017;Mo;KW 10;Fasnacht;Schweiz
08;März;2017;Mi;KW 10;Fasnachts Mittwoch;Schweiz
19;März;2017;So;KW 11;St. Josef;Schweiz
21;März;2017;Di;KW 12;St. Benediktstag;Schweiz
06;April;2017;Do;KW 14;Näfelser Fahrt;Schweiz
14;April;2017;Fr;KW 15;Karfreitag;Schweiz
17;April;2017;Mo;KW 16;Ostermontag;Schweiz
23;April;2017;So;KW 16;Georgstag;Schweiz
26;April;2017;Mi;KW 17;Kirchenfeiertag;Schweiz
01;Mai;2017;Mo;KW 18;Heiliger Sigismund;Schweiz
01;Mai;2017;Mo;KW 18;Tag der Arbeit;Schweiz
01;Mai;2017;Mo;KW 18;Kirchweihfest;Schweiz
01;Mai;2017;Mo;KW 18;St. Johannes;Schweiz
12;Mai;2017;Fr;KW 19;St. Pankratius;Schweiz
25;Mai;2017;Do;KW 21;Auffahrt;Schweiz
29;Mai;2017;Mo;KW 22;St. Burkard;Schweiz
05;Juni;2017;Mo;KW 23;Pfingstmontag;Schweiz
13;Juni;2017;Di;KW 24;St. Antonius;Schweiz
15;Juni;2017;Do;KW 24;Fronleichnam;Schweiz
23;Juni;2017;Fr;KW 25;Fest der Unabhängigkeit Jura;Schweiz
29;Juni;2017;Do;KW 26;St. Peter und Paul;Schweiz
02;Juli;2017;So;KW 26;Mariä Heimsuchung;Schweiz
02;Juli;2017;So;KW 26;Germanstag;Schweiz
04;Juli;2017;Di;KW 27;St. Ulrich;Schweiz
25;Juli;2017;Di;KW 30;St. Jakob;Schweiz
01;August;2017;Di;KW 31;Nationalfeiertag Schweiz;Schweiz
10;August;2017;Do;KW 32;St. Laurentius;Schweiz
15;August;2017;Di;KW 33;Mariä Himmelfahrt;Schweiz
29;August;2017;Di;KW 35;St. Johannes Enthauptung;Schweiz
01;September;2017;Fr;KW 35;Verenentag;Schweiz
02;September;2017;Sa;KW 35;St. Justus;Schweiz
07;September;2017;Do;KW 36;Genfer Bettag;Schweiz
08;September;2017;Fr;KW 36;Mariä Geburt;Schweiz
14;September;2017;Do;KW 37;Engelweihe;Schweiz
14;September;2017;Do;KW 37;Heiligkreuztag;Schweiz
18;September;2017;Mo;KW 38;Bettagsmontag;Schweiz
22;September;2017;Fr;KW 38;St. Mauritiustag;Schweiz
25;September;2017;Mo;KW 39;St. Niklaus von Flüe;Schweiz
29;September;2017;Fr;KW 39;St. Michael;Schweiz
30;September;2017;Sa;KW 39;St. Urs und Viktor;Schweiz
30;September;2017;Sa;KW 39;St. Hieronymus;Schweiz
01;Oktober;2017;So;KW 39;Heilige Theresia;Schweiz
02;Oktober;2017;Mo;KW 40;St. Leodegar;Schweiz
16;Oktober;2017;Mo;KW 42;Gallustag;Schweiz
20;Oktober;2017;Fr;KW 42;Wendelinstag;Schweiz
01;November;2017;Mi;KW 44;Allerheiligen;Schweiz
11;November;2017;Sa;KW 45;St. Martin;Schweiz
26;November;2017;So;KW 47;St. Konrad;Schweiz
30;November;2017;Do;KW 48;Andreastag;Schweiz
08;Dezember;2017;Fr;KW 49;Mariä Empfängnis;Schweiz
13;Dezember;2017;Mi;KW 50;Heilige Lucia;Schweiz
25;Dezember;2017;Mo;KW 52;Weihnachten;Schweiz
26;Dezember;2017;Di;KW 52;Stephanstag;Schweiz
31;Dezember;2017;So;KW 52;Wiederherstellung der Republik Genf;Schweiz
01;Januar;2018;Mo;KW 01;Neujahrstag;Schweiz
02;Januar;2018;Di;KW 01;Berchtoldstag;Schweiz
06;Januar;2018;Sa;KW 01;Heilige drei Könige;Schweiz
13;Januar;2018;Sa;KW 02;Alter Silvester;Schweiz
17;Januar;2018;Mi;KW 03;St. Antoniustag;Schweiz
20;Januar;2018;Sa;KW 03;Fest des hl. Sebastian;Schweiz
21;Januar;2018;So;KW 03;St. Meinradstag;Schweiz
02;Februar;2018;Fr;KW 05;Mariä Lichtmess;Schweiz
03;Februar;2018;Sa;KW 05;St. Blasius;Schweiz
05;Februar;2018;Mo;KW 06;St. Agatha;Schweiz
14;Februar;2018;Mi;KW 07;Aschermittwoch;Schweiz
19;Februar;2018;Mo;KW 08;Fasnacht;Schweiz
21;Februar;2018;Mi;KW 08;Fasnachts Mittwoch;Schweiz
01;März;2018;Do;KW 09;Jahrestag Ausrufung Republik Neuenburg;Schweiz
06;März;2018;Di;KW 10;Fridolinstag;Schweiz
19;März;2018;Mo;KW 12;St. Josef;Schweiz
21;März;2018;Mi;KW 12;St. Benediktstag;Schweiz
30;März;2018;Fr;KW 13;Karfreitag;Schweiz
02;April;2018;Mo;KW 14;Ostermontag;Schweiz
05;April;2018;Do;KW 14;Näfelser Fahrt;Schweiz
23;April;2018;Mo;KW 17;Georgstag;Schweiz
26;April;2018;Do;KW 17;Kirchenfeiertag;Schweiz
01;Mai;2018;Di;KW 18;Heiliger Sigismund;Schweiz
01;Mai;2018;Di;KW 18;Tag der Arbeit;Schweiz
01;Mai;2018;Di;KW 18;Kirchweihfest;Schweiz
01;Mai;2018;Di;KW 18;St. Johannes;Schweiz
10;Mai;2018;Do;KW 19;Auffahrt;Schweiz
12;Mai;2018;Sa;KW 19;St. Pankratius;Schweiz
14;Mai;2018;Mo;KW 20;St. Burkard;Schweiz
21;Mai;2018;Mo;KW 21;Pfingstmontag;Schweiz
31;Mai;2018;Do;KW 22;Fronleichnam;Schweiz
13;Juni;2018;Mi;KW 24;St. Antonius;Schweiz
23;Juni;2018;Sa;KW 25;Fest der Unabhängigkeit Jura;Schweiz
29;Juni;2018;Fr;KW 26;St. Peter und Paul;Schweiz
02;Juli;2018;Mo;KW 27;Mariä Heimsuchung;Schweiz
02;Juli;2018;Mo;KW 27;Germanstag;Schweiz
04;Juli;2018;Mi;KW 27;St. Ulrich;Schweiz
25;Juli;2018;Mi;KW 30;St. Jakob;Schweiz
01;August;2018;Mi;KW 31;Nationalfeiertag Schweiz;Schweiz
10;August;2018;Fr;KW 32;St. Laurentius;Schweiz
15;August;2018;Mi;KW 33;Mariä Himmelfahrt;Schweiz
29;August;2018;Mi;KW 35;St. Johannes Enthauptung;Schweiz
01;September;2018;Sa;KW 35;Verenentag;Schweiz
02;September;2018;So;KW 35;St. Justus;Schweiz
06;September;2018;Do;KW 36;Genfer Bettag;Schweiz
08;September;2018;Sa;KW 36;Mariä Geburt;Schweiz
14;September;2018;Fr;KW 37;Engelweihe;Schweiz
14;September;2018;Fr;KW 37;Heiligkreuztag;Schweiz
17;September;2018;Mo;KW 38;Bettagsmontag;Schweiz
22;September;2018;Sa;KW 38;St. Mauritiustag;Schweiz
25;September;2018;Di;KW 39;St. Niklaus von Flüe;Schweiz
29;September;2018;Sa;KW 39;St. Michael;Schweiz
30;September;2018;So;KW 39;St. Urs und Viktor;Schweiz
30;September;2018;So;KW 39;St. Hieronymus;Schweiz
01;Oktober;2018;Mo;KW 40;Heilige Theresia;Schweiz
02;Oktober;2018;Di;KW 40;St. Leodegar;Schweiz
16;Oktober;2018;Di;KW 42;Gallustag;Schweiz
20;Oktober;2018;Sa;KW 42;Wendelinstag;Schweiz
01;November;2018;Do;KW 44;Allerheiligen;Schweiz
11;November;2018;So;KW 45;St. Martin;Schweiz
26;November;2018;Mo;KW 48;St. Konrad;Schweiz
30;November;2018;Fr;KW 48;Andreastag;Schweiz
08;Dezember;2018;Sa;KW 49;Mariä Empfängnis;Schweiz
13;Dezember;2018;Do;KW 50;Heilige Lucia;Schweiz
25;Dezember;2018;Di;KW 52;Weihnachten;Schweiz
26;Dezember;2018;Mi;KW 52;Stephanstag;Schweiz
31;Dezember;2018;Mo;KW 01;Wiederherstellung der Republik Genf;Schweiz
01;Januar;2017;So;KW 52;Neujahrstag;Kanton Basel Stadt
14;April;2017;Fr;KW 15;Karfreitag;Kanton Basel Stadt
17;April;2017;Mo;KW 16;Ostermontag;Kanton Basel Stadt
01;Mai;2017;Mo;KW 18;Tag der Arbeit;Kanton Basel Stadt
25;Mai;2017;Do;KW 21;Auffahrt;Kanton Basel Stadt
05;Juni;2017;Mo;KW 23;Pfingstmontag;Kanton Basel Stadt
01;August;2017;Di;KW 31;Nationalfeiertag Schweiz;Kanton Basel Stadt
25;Dezember;2017;Mo;KW 52;Weihnachten;Kanton Basel Stadt
26;Dezember;2017;Di;KW 52;Stephanstag;Kanton Basel Stadt
01;Januar;2018;Mo;KW 01;Neujahrstag;Kanton Basel Stadt
30;März;2018;Fr;KW 13;Karfreitag;Kanton Basel Stadt
02;April;2018;Mo;KW 14;Ostermontag;Kanton Basel Stadt
01;Mai;2018;Di;KW 18;Tag der Arbeit;Kanton Basel Stadt
10;Mai;2018;Do;KW 19;Auffahrt;Kanton Basel Stadt
21;Mai;2018;Mo;KW 21;Pfingstmontag;Kanton Basel Stadt
01;August;2018;Mi;KW 31;Nationalfeiertag Schweiz;Kanton Basel Stadt
25;Dezember;2018;Di;KW 52;Weihnachten;Kanton Basel Stadt
26;Dezember;2018;Mi;KW 52;Stephanstag;Kanton Basel Stadt
01;Januar;2017;So;KW 52;Neujahrstag;Kanton Bern
02;Januar;2017;Mo;KW 01;Berchtoldstag;Kanton Bern
14;April;2017;Fr;KW 15;Karfreitag;Kanton Bern
17;April;2017;Mo;KW 16;Ostermontag;Kanton Bern
25;Mai;2017;Do;KW 21;Auffahrt;Kanton Bern
05;Juni;2017;Mo;KW 23;Pfingstmontag;Kanton Bern
01;August;2017;Di;KW 31;Nationalfeiertag Schweiz;Kanton Bern
25;Dezember;2017;Mo;KW 52;Weihnachten;Kanton Bern
26;Dezember;2017;Di;KW 52;Stephanstag;Kanton Bern
01;Januar;2018;Mo;KW 01;Neujahrstag;Kanton Bern
02;Januar;2018;Di;KW 01;Berchtoldstag;Kanton Bern
30;März;2018;Fr;KW 13;Karfreitag;Kanton Bern
02;April;2018;Mo;KW 14;Ostermontag;Kanton Bern
10;Mai;2018;Do;KW 19;Auffahrt;Kanton Bern
21;Mai;2018;Mo;KW 21;Pfingstmontag;Kanton Bern
01;August;2018;Mi;KW 31;Nationalfeiertag Schweiz;Kanton Bern
25;Dezember;2018;Di;KW 52;Weihnachten;Kanton Bern
26;Dezember;2018;Mi;KW 52;Stephanstag;Kanton Bern
01;Januar;2017;So;KW 52;Neujahrstag;Kanton Freiburg
14;April;2017;Fr;KW 15;Karfreitag;Kanton Freiburg
25;Mai;2017;Do;KW 21;Auffahrt;Kanton Freiburg
15;Juni;2017;Do;KW 24;Fronleichnam;Kanton Freiburg
01;August;2017;Di;KW 31;Nationalfeiertag Schweiz;Kanton Freiburg
15;August;2017;Di;KW 33;Mariä Himmelfahrt;Kanton Freiburg
01;November;2017;Mi;KW 44;Allerheiligen;Kanton Freiburg
08;Dezember;2017;Fr;KW 49;Mariä Empfängnis;Kanton Freiburg
25;Dezember;2017;Mo;KW 52;Weihnachten;Kanton Freiburg
01;Januar;2018;Mo;KW 01;Neujahrstag;Kanton Freiburg
30;März;2018;Fr;KW 13;Karfreitag;Kanton Freiburg
10;Mai;2018;Do;KW 19;Auffahrt;Kanton Freiburg
31;Mai;2018;Do;KW 22;Fronleichnam;Kanton Freiburg
01;August;2018;Mi;KW 31;Nationalfeiertag Schweiz;Kanton Freiburg
15;August;2018;Mi;KW 33;Mariä Himmelfahrt;Kanton Freiburg
01;November;2018;Do;KW 44;Allerheiligen;Kanton Freiburg
08;Dezember;2018;Sa;KW 49;Mariä Empfängnis;Kanton Freiburg
25;Dezember;2018;Di;KW 52;Weihnachten;Kanton Freiburg
